IID,pop
i000,pop_a
i001,pop_a
i002,pop_a
i003,pop_a
i004,pop_a
i005,pop_a
i006,pop_a
i007,pop_a
i008,pop_a
i009,pop_a
i010,pop_a
i011,pop_a
i012,pop_a
i013,pop_a
i014,pop_a
i015,pop_a
i016,pop_a
i017,pop_a
i018,pop_a
i019,pop_a
i020,pop_a
i021,pop_a
i022,pop_a
i023,pop_a
i024,pop_a
i025,pop_a
i026,pop_a
i027,pop_a
i028,pop_a
i029,pop_a
i030,pop_a
i031,pop_a
i032,pop_a
i033,pop_a
i034,pop_a
i035,pop_a
i036,pop_a
i037,pop_a
i038,pop_a
i039,pop_a
i040,pop_a
i041,pop_a
i042,pop_a
i043,pop_a
i044,pop_a
i045,pop_a
i046,pop_a
i047,pop_a
i048,pop_a
i049,pop_a
i050,pop_b
i051,pop_b
i052,pop_b
i053,pop_b
i054,pop_b
i055,pop_b
i056,pop_b
i057,pop_b
i058,pop_b
i059,pop_b
i060,pop_b
i061,pop_b
i062,pop_b
i063,pop_b
i064,pop_b
i065,pop_b
i066,pop_b
i067,pop_b
i068,pop_b
i069,pop_b
i070,pop_b
i071,pop_b
i072,pop_b
i073,pop_b
i074,pop_b
i075,pop_b
i076,pop_b
i077,pop_b
i078,pop_b
i079,pop_b
i080,pop_b
i081,pop_b
i082,pop_b
i083,pop_b
i084,pop_b
i085,pop_b
i086,pop_b
i087,pop_b
i088,pop_b
i089,pop_b
i090,pop_b
i091,pop_b
i092,pop_b
i093,pop_b
i094,pop_b
i095,pop_b
i096,pop_b
i097,pop_b
i098,pop_b
i099,pop_b
