IID,popcat,altitude
s000,p0,100
s001,p0,110
s002,p0,120
s003,p0,130
s004,p2,140
s005,p2,150
s006,p2,160
s007,p2,170
s008,p1,180
s009,p1,190
s010,p1,200
s011,p1,210
s012,p1,220
s013,p1,230
s014,p1,240
s015,p1,250
s016,p1,260
s017,p1,270
s018,p1,280
s019,p1,290
s020,p2,300
s021,p2,310
s022,p2,320
s023,p2,330
s024,p0,340
s025,p0,350
s026,p0,360
s027,p0,370
s028,p2,380
s029,p2,390
s030,p2,400
s031,p2,410
s032,p0,420
s033,p0,430
s034,p0,440
s035,p0,450
s036,p0,460
s037,p0,470
s038,p0,480
s039,p0,490
s040,p1,500
s041,p1,510
s042,p1,520
s043,p1,530
s044,p2,540
s045,p2,550
s046,p2,560
s047,p2,570
s048,p2,580
s049,p2,590
s050,p2,600
s051,p2,610
s052,p2,620
s053,p2,630
s054,p2,640
s055,p2,650
s056,p2,660
s057,p2,670
s058,p2,680
s059,p2,690
s060,p2,700
s061,p2,710
s062,p2,720
s063,p2,730
s064,p1,740
s065,p1,750
s066,p1,760
s067,p1,770
s068,p0,780
s069,p0,790
s070,p0,800
s071,p0,810
s072,p2,820
s073,p2,830
s074,p2,840
s075,p2,850
s076,p1,860
s077,p1,870
s078,p1,880
s079,p1,890
s080,p1,900
s081,p1,910
s082,p1,920
s083,p1,930
s084,p1,940
s085,p1,950
s086,p1,960
s087,p1,970
s088,p0,980
s089,p0,990
s090,p0,1000
s091,p0,1010
s092,p2,1020
s093,p2,1030
s094,p2,1040
s095,p2,1050
s096,p2,1060
s097,p2,1070
s098,p2,1080
s099,p2,1090
s100,p1,1100
s101,p1,1110
s102,p1,1120
s103,p1,1130
s104,p1,1140
s105,p1,1150
s106,p1,1160
s107,p1,1170
s108,p2,1180
s109,p2,1190
s110,p2,1200
s111,p2,1210
s112,p1,1220
s113,p1,1230
s114,p1,1240
s115,p1,1250
s116,p1,1260
s117,p1,1270
s118,p1,1280
s119,p1,1290
s120,p1,1300
s121,p1,1310
s122,p1,1320
s123,p1,1330
s124,p0,1340
s125,p0,1350
s126,p0,1360
s127,p0,1370
s128,p0,1380
s129,p0,1390
s130,p0,1400
s131,p0,1410
s132,p1,1420
s133,p1,1430
s134,p1,1440
s135,p1,1450
s136,p2,1460
s137,p2,1470
s138,p2,1480
s139,p2,1490
s140,p0,1500
s141,p0,1510
s142,p0,1520
s143,p0,1530
s144,p2,1540
s145,p2,1550
s146,p2,1560
s147,p2,1570
s148,p2,1580
s149,p2,1590
s150,p2,1600
s151,p2,1610
s152,p0,1620
s153,p0,1630
s154,p0,1640
s155,p0,1650
s156,p1,1660
s157,p1,1670
s158,p1,1680
s159,p1,1690
s160,p0,1700
s161,p0,1710
s162,p0,1720
s163,p0,1730
s164,p2,1740
s165,p2,1750
s166,p2,1760
s167,p2,1770
s168,p2,1780
s169,p2,1790
s170,p2,1800
s171,p2,1810
s172,p1,1820
s173,p1,1830
s174,p1,1840
s175,p1,1850
s176,p0,1860
s177,p0,1870
s178,p0,1880
s179,p0,1890
s180,p2,1900
s181,p2,1910
s182,p2,1920
s183,p2,1930
s184,p1,1940
s185,p1,1950
s186,p1,1960
s187,p1,1970
s188,p2,1980
s189,p2,1990
s190,p2,2000
s191,p2,2010
s192,p2,2020
s193,p2,2030
s194,p2,2040
s195,p2,2050
s196,p2,2060
s197,p2,NA
s198,p2,NA
s199,p2,NA
