IID,popsplit
s000,p0a
s001,p0b
s002,p0a
s003,p0b
s004,p2
s005,p2
s006,p2
s007,p2
s008,p1
s009,p1
s010,p1
s011,p1
s012,p1
s013,p1
s014,p1
s015,p1
s016,p1
s017,p1
s018,p1
s019,p1
s020,p2
s021,p2
s022,p2
s023,p2
s024,p0a
s025,p0b
s026,p0a
s027,p0b
s028,p2
s029,p2
s030,p2
s031,p2
s032,p0a
s033,p0b
s034,p0a
s035,p0b
s036,p0a
s037,p0b
s038,p0a
s039,p0b
s040,p1
s041,p1
s042,p1
s043,p1
s044,p2
s045,p2
s046,p2
s047,p2
s048,p2
s049,p2
s050,p2
s051,p2
s052,p2
s053,p2
s054,p2
s055,p2
s056,p2
s057,p2
s058,p2
s059,p2
s060,p2
s061,p2
s062,p2
s063,p2
s064,p1
s065,p1
s066,p1
s067,p1
s068,p0a
s069,p0b
s070,p0a
s071,p0b
s072,p2
s073,p2
s074,p2
s075,p2
s076,p1
s077,p1
s078,p1
s079,p1
s080,p1
s081,p1
s082,p1
s083,p1
s084,p1
s085,p1
s086,p1
s087,p1
s088,p0a
s089,p0b
s090,p0a
s091,p0b
s092,p2
s093,p2
s094,p2
s095,p2
s096,p2
s097,p2
s098,p2
s099,p2
s100,p1
s101,p1
s102,p1
s103,p1
s104,p1
s105,p1
s106,p1
s107,p1
s108,p2
s109,p2
s110,p2
s111,p2
s112,p1
s113,p1
s114,p1
s115,p1
s116,p1
s117,p1
s118,p1
s119,p1
s120,p1
s121,p1
s122,p1
s123,p1
s124,p0a
s125,p0b
s126,p0a
s127,p0b
s128,p0a
s129,p0b
s130,p0a
s131,p0b
s132,p1
s133,p1
s134,p1
s135,p1
s136,p2
s137,p2
s138,p2
s139,p2
s140,p0a
s141,p0b
s142,p0a
s143,p0b
s144,p2
s145,p2
s146,p2
s147,p2
s148,p2
s149,p2
s150,p2
s151,p2
s152,p0a
s153,p0b
s154,p0a
s155,p0b
s156,p1
s157,p1
s158,p1
s159,p1
s160,p0a
s161,p0b
s162,p0a
s163,p0b
s164,p2
s165,p2
s166,p2
s167,p2
s168,p2
s169,p2
s170,p2
s171,p2
s172,p1
s173,p1
s174,p1
s175,p1
s176,p0a
s177,p0b
s178,p0a
s179,p0b
s180,p2
s181,p2
s182,p2
s183,p2
s184,p1
s185,p1
s186,p1
s187,p1
s188,p2
s189,p2
s190,p2
s191,p2
s192,p2
s193,p2
s194,p2
s195,p2
s196,p2
s197,p2
s198,p2
s199,p2
